{
    "name": "a11",
    "size": [
        8000,
        2300,
        20.0
    ],
    "parts": [
        {
            "id": "65#91#135",
            "handle": 1,
            "center": [
                4036.24462890625,
                628.4901733398438,
                20.0
            ],
            "b_grab_pos": [
                3968.2090853311083,
                557.6010810026401,
                0
            ],
            "b_grab_degree": -28.706799149513245,
            "b_drop_pos_offset": [
                -66.41834014641708,
                -72.40651002604974
            ],
            "b_drop_degree": -30,
            "b_magnetic_dots": [
                128,
                0,
                17,
                0,
                0,
                0
            ],
            "size": [
                2630.0,
                427.0,
                20.0
            ],
            "weight": 4036.24462890625,
            "degree": 1.2932008504867554,
            "kind": "TPJ004860137",
            "level": 2,
            "picked": false
        },
        {
            "id": "60#151#139",
            "handle": 1,
            "center": [
                4036.24658203125,
                1437.5391845703125,
                20.0
            ],
            "b_grab_pos": [
                3968.2095004311473,
                1366.6515683789173,
                0
            ],
            "b_grab_degree": -28.70555603504181,
            "b_drop_pos_offset": [
                -66.41834014641708,
                -72.40651002604974
            ],
            "b_drop_degree": -30,
            "b_magnetic_dots": [
                128,
                0,
                17,
                0,
                0,
                0
            ],
            "size": [
                2630.0,
                427.0,
                20.0
            ],
            "weight": 4036.24658203125,
            "degree": 1.294443964958191,
            "kind": "TPJ004860137",
            "level": 2,
            "picked": false
        },
        {
            "id": "146#20#124",
            "handle": 1,
            "center": [
                4041.83056640625,
                239.37802124023438,
                20.0
            ],
            "b_grab_pos": [
                4109.868418334205,
                310.2648980721792,
                0
            ],
            "b_grab_degree": -28.704933404922485,
            "b_drop_pos_offset": [
                -66.41834014641708,
                -72.40651002604974
            ],
            "b_drop_degree": 150,
            "b_magnetic_dots": [
                128,
                0,
                17,
                0,
                0,
                0
            ],
            "size": [
                2630.0,
                427.0,
                20.0
            ],
            "weight": 4041.83056640625,
            "degree": 1.2950665950775146,
            "kind": "TPJ004860137",
            "level": 2,
            "picked": true
        },
        {
            "id": "60#77#26",
            "handle": 1,
            "center": [
                4041.83251953125,
                1048.4478759765625,
                20.0
            ],
            "b_grab_pos": [
                4109.869601131353,
                1119.3354921679577,
                0
            ],
            "b_grab_degree": -28.70555603504181,
            "b_drop_pos_offset": [
                -66.41834014641708,
                -72.40651002604974
            ],
            "b_drop_degree": 150,
            "b_magnetic_dots": [
                128,
                0,
                17,
                0,
                0,
                0
            ],
            "size": [
                2630.0,
                427.0,
                20.0
            ],
            "weight": 4041.83251953125,
            "degree": 1.294443964958191,
            "kind": "TPJ004860137",
            "level": 2,
            "picked": true
        },
        {
            "id": "66#74#47",
            "handle": 1,
            "center": [
                5584.0,
                1966.5,
                20.0
            ],
            "b_grab_pos": [
                5743.0,
                2152.0,
                0
            ],
            "b_grab_degree": 0.0,
            "b_drop_pos_offset": [
                -159.0,
                -185.5
            ],
            "b_drop_degree": 180,
            "b_magnetic_dots": [
                224,
                7,
                240,
                0,
                1,
                0
            ],
            "size": [
                856.0,
                649.0,
                20.0
            ],
            "weight": 5584.0,
            "degree": 0.0,
            "kind": "TPJ005616943",
            "level": 2,
            "picked": false
        },
        {
            "id": "115#143#119",
            "handle": 1,
            "center": [
                6438.610107421875,
                1943.5855712890625,
                20.0
            ],
            "b_grab_pos": [
                6273.090635423272,
                1763.8787144657801,
                0
            ],
            "b_grab_degree": 2.045408248901367,
            "b_drop_pos_offset": [
                -159.0,
                -185.5
            ],
            "b_drop_degree": 0,
            "b_magnetic_dots": [
                224,
                7,
                240,
                0,
                1,
                0
            ],
            "size": [
                856.0,
                649.0,
                20.0
            ],
            "weight": 6438.610107421875,
            "degree": 2.045408248901367,
            "kind": "TPJ005616943",
            "level": 2,
            "picked": false
        },
        {
            "id": "118#95#68",
            "handle": 1,
            "center": [
                6671.2447509765625,
                628.4901733398438,
                20.0
            ],
            "b_grab_pos": [
                6603.209207401421,
                557.6010810026401,
                0
            ],
            "b_grab_degree": -28.706799149513245,
            "b_drop_pos_offset": [
                -66.41834014641708,
                -72.40651002604974
            ],
            "b_drop_degree": -30,
            "b_magnetic_dots": [
                128,
                0,
                17,
                0,
                0,
                0
            ],
            "size": [
                2630.0,
                427.0,
                20.0
            ],
            "weight": 6671.2447509765625,
            "degree": 1.2932008504867554,
            "kind": "TPJ004860137",
            "level": 2,
            "picked": false
        },
        {
            "id": "82#38#101",
            "handle": 1,
            "center": [
                6671.24658203125,
                1437.539306640625,
                20.0
            ],
            "b_grab_pos": [
                6603.209500431147,
                1366.6516904492298,
                0
            ],
            "b_grab_degree": -28.70555603504181,
            "b_drop_pos_offset": [
                -66.41834014641708,
                -72.40651002604974
            ],
            "b_drop_degree": -30,
            "b_magnetic_dots": [
                128,
                0,
                17,
                0,
                0,
                0
            ],
            "size": [
                2630.0,
                427.0,
                20.0
            ],
            "weight": 6671.24658203125,
            "degree": 1.294443964958191,
            "kind": "TPJ004860137",
            "level": 2,
            "picked": false
        },
        {
            "id": "146#8#109",
            "handle": 1,