{
    "name": "a13",
    "size": [
        8450,
        1820,
        20.0
    ],
    "parts": [
        {
            "id": "53#2#133",
            "handle": 0,
            "center": [
                92.4384765625,
                1230.86376953125,
                20.0
            ],
            "a_grab_pos": [
                33.052029962327694,
                1356.6592382898857,
                0
            ],
            "a_grab_degree": -67.50353240966797,
            "a_drop_pos_offset": [
                -93.5,
                -103.0
            ],
            "a_drop_degree": 180,
            "a_magnetic_dots": [
                0,
                0,
                32,
                0,
                0,
                0
            ],
            "size": [
                1085.0,
                540.0,
                20.0
            ],
            "weight": 92.4384765625,
            "degree": -67.50353240966797,
            "kind": "XFC004650749",
            "level": 2,
            "picked": false
        },
        {
            "id": "92#120#123",
            "handle": 0,
            "center": [
                468.73828125,
                1010.0631103515625,
                20.0
            ],
            "a_grab_pos": [
                528.1247278501723,
                884.2676415929268,
                0
            ],
            "a_grab_degree": -67.50353240966797,
            "a_drop_pos_offset": [
                -93.5,
                -103.0
            ],
            "a_drop_degree": 0,
            "a_magnetic_dots": [
                0,
                1,
                0,
                0,
                0,
                0
            ],
            "size": [
                1085.0,
                540.0,
                20.0
            ],
            "weight": 468.73828125,
            "degree": -67.50353240966797,
            "kind": "XFC004650749",
            "level": 2,
            "picked": false
        },
        {
            "id": "133#106#77",
            "handle": 0,
            "center": [
                625.0,
                217.4999694824221,
                20.0
            ],
            "a_grab_pos": [
                664.0001220703125,
                207.9998474121096,
                0
            ],
            "a_grab_degree": 0.0,
            "a_drop_pos_offset": [
                39.0001220703125,
                -9.5001220703125
            ],
            "a_drop_degree": 0,
            "a_magnetic_dots": [
                248,
                15,
                252,
                7,
                0,
                0
            ],
            "size": [
                948.0,
                407.0,
                20.0
            ],
            "weight": 625.0,
            "degree": 0.0,
            "kind": "XFC004650815",
            "level": 2,
            "picked": false
        },
        {
            "id": "118#95#68",
            "handle": 0,
            "center": [
                1801.0,
                1622.5,
                20.0
            ],
            "a_grab_pos": [
                1765.5,
                1622.0,
                0
            ],
            "a_grab_degree": -0.0,
            "a_drop_pos_offset": [
                -35.5,
                -0.5
            ],
            "a_drop_degree": 0,
            "a_magnetic_dots": [
                255,
                255,
                255,
                63,
                0,
                0
            ],
            "size": [
                2481.0,
                377.0,
                20.0
            ],
            "weight": 1801.0,
            "degree": -0.0,
            "kind": "XFC004655380",
            "level": 2,
            "picked": true
        },
        {
            "id": "146#8#109",
            "handle": 0,
            "center": [
                1801.0,
                852.5,
                20.0
            ],
            "a_grab_pos": [
                1765.5,
                852.0,
                0
            ],
            "a_grab_degree": -0.0,
            "a_drop_pos_offset": [
                -35.5,
                -0.5
            ],
            "a_drop_degree": 0,
            "a_magnetic_dots": [
                255,
                255,
                255,
                63,
                0,
                0
            ],
            "size": [
                2481.0,
                377.0,
                20.0
            ],
            "weight": 1801.0,
            "degree": -0.0,
            "kind": "XFC004655380",
            "level": 2,
            "picked": true
        },
        {
            "id": "115#143#119",
            "handle": 0,
            "center": [
                1801.0,
                1237.5,
                20.0
            ],
            "a_grab_pos": [
                1836.5,
                1238.0,
                0
            ],
            "a_grab_degree": -0.0,
            "a_drop_pos_offset": [
                -35.5,
                -0.5
            ],
            "a_drop_degree": 180,
            "a_magnetic_dots": [
                255,
                255,
                255,
                63,
                0,
                0
            ],
            "size": [
                2481.0,
                377.0,
                20.0
            ],
            "weight": 1801.0,
            "degree": -0.0,
            "kind": "XFC004655380",
            "level": 2,
            "picked": true
        },
        {
            "id": "27#134#63",
            "handle": 0,
            "center": [
                2110.0,
                147.5,
                20.0
            ],
            "a_grab_pos": [
                2110.5,
                147.0,
                0
            ],
            "a_grab_degree": -0.0,
            "a_drop_pos_offset": [
                0.5,
                -0.5
            ],
            "a_drop_degree": 0,
            "a_magnetic_dots": [
                255,
                255,
                255,
                63,
                0,
                0
            ],
            "size": [
                1999.0,
                247.0,
                20.0
            ],
            "weight": 2110.0,
            "degree": -0.0,
            "kind": "XFC004656337",
            "level": 2,
            "picked": true
        },
        {
            "id": "121#68#135",
            "handle": 0,
            "center": [
                2552.0,
                467.5,
                20.0
            ],
            "a_grab_pos": [
                2494.5,
                467.0,
                0
            ],
            "a_grab_degree": -0.0,
            "a_drop_pos_offset": [
                -57.5,
                -0.5
            ],
            "a_drop_degree": 0,
            "a_magnetic_dots": [
                255,
                255,
                255,
                63,
                0,
                0
            ],
            "size": [
                2481.0,
                377.0,
                20.0
            ],
            "weight": 2552.0,
            "degree": -0.0,
            "kind": "XFC004655420",
            "level": 2,
            "picked": true
        },
        {
            "id": "66#74#47",
            "handle": 0,
            "center": [
                4125.0,
                147.5,
                20.0
            ],
            "a_grab_pos": [
                4125.5,
                147.0,
                0
            ],
            "a_grab_degree": -0.0,
            "a_drop_pos_offset": [
                0.5,
                -0.5
            ],
            "a_drop_degree": 0,
            "a_magnetic_dots": [
                255,
                255,
                255,
                63,
                0,
                0
            ],
            "size": [
                1999.0,
                247.0,
                20.0
            ],