{
    "name": "a15",
    "size": [
        8450,
        1820,
        20.0
    ],
    "parts": [
        {
            "id": "27#134#63",
            "handle": 0,
            "center": [
                386.5,
                1260.0,
                20.0
            ],
            "a_grab_pos": [
                427.5,
                1238.5,
                0
            ],
            "a_grab_degree": 90.0,
            "a_drop_pos_offset": [
                21.5,
                41.0
            ],
            "a_drop_degree": 0,
            "a_magnetic_dots": [
                254,
                63,
                255,
                31,
                0,
                0
            ],
            "size": [
                1099.0,
                574.0,
                20.0
            ],
            "weight": 386.5,
            "degree": 90.0,
            "kind": "XFC004650812",
            "level": 2,
            "picked": false
        },
        {
            "id": "66#74#47",
            "handle": 0,
            "center": [
                1069.0,
                678.9998779296875,
                20.0
            ],
            "a_grab_pos": [
                1028.0,
                700.4998779296875,
                0
            ],
            "a_grab_degree": 90.0,
            "a_drop_pos_offset": [
                21.5,
                41.0
            ],
            "a_drop_degree": 180,
            "a_magnetic_dots": [
                254,
                63,
                255,
                31,
                0,
                0
            ],
            "size": [
                1099.0,
                574.0,
                20.0
            ],
            "weight": 1069.0,
            "degree": 90.0,
            "kind": "XFC004650812",
            "level": 2,
            "picked": true
        },
        {
            "id": "115#143#119",
            "handle": 0,
            "center": [
                1262.0,
                1524.5,
                20.0
            ],
            "a_grab_pos": [
                1231.5001220703125,
                1566.9999389648438,
                0
            ],
            "a_grab_degree": -0.0,
            "a_drop_pos_offset": [
                -30.4998779296875,
                42.49993896484375
            ],
            "a_drop_degree": 0,
            "a_magnetic_dots": [
                254,
                127,
                255,
                63,
                0,
                0
            ],
            "size": [
                1148.999755859375,
                572.9998779296875,
                20.0
            ],
            "weight": 1262.0,
            "degree": -0.0,
            "kind": "XFC004650811",
            "level": 2,
            "picked": true
        },
        {
            "id": "121#68#135",
            "handle": 0,
            "center": [
                1551.5,
                679.0,
                20.0
            ],
            "a_grab_pos": [
                1592.5,
                657.5,
                0
            ],
            "a_grab_degree": 90.0,
            "a_drop_pos_offset": [
                21.5,
                41.0
            ],
            "a_drop_degree": 0,
            "a_magnetic_dots": [
                254,
                63,
                255,
                31,
                0,
                0
            ],
            "size": [
                1099.0,
                574.0,
                20.0
            ],
            "weight": 1551.5,
            "degree": 90.0,
            "kind": "XFC004650812",
            "level": 2,
            "picked": true
        },
        {
            "id": "82#38#101",
            "handle": 0,
            "center": [
                3400.0,
                1594.4998779296875,
                20.0
            ],
            "a_grab_pos": [
                3406.500244140625,
                1533.499755859375,
                0
            ],
            "a_grab_degree": -0.0,
            "a_drop_pos_offset": [
                6.500244140625,
                -61.0001220703125
            ],
            "a_drop_degree": 0,
            "a_magnetic_dots": [
                255,
                255,
                255,
                255,
                31,
                0
            ],
            "size": [
                3104.0,
                433.0,
                20.0
            ],
            "weight": 3400.0,
            "degree": -0.0,
            "kind": "XFC004655391",
            "level": 2,
            "picked": true
        },
        {
            "id": "58#94#96",
            "handle": 0,
            "center": [
                3400.0,
                712.5,
                20.0
            ],
            "a_grab_pos": [
                3406.500244140625,
                651.4998779296875,
                0
            ],
            "a_grab_degree": -0.0,
            "a_drop_pos_offset": [
                6.500244140625,
                -61.0001220703125
            ],
            "a_drop_degree": 0,
            "a_magnetic_dots": [
                255,
                255,
                255,
                255,
                31,
                0
            ],
            "size": [
                3104.0,
                433.0,
                20.0
            ],
            "weight": 3400.0,
            "degree": -0.0,
            "kind": "XFC004655391",
            "level": 2,
            "picked": true
        },
        {
            "id": "118#95#68",
            "handle": 0,
            "center": [
                3400.0,
                1153.5,
                20.0
            ],
            "a_grab_pos": [
                3406.500244140625,
                1092.4998779296875,
                0
            ],
            "a_grab_degree": -0.0,
            "a_drop_pos_offset": [
                6.500244140625,
                -61.0001220703125
            ],
            "a_drop_degree": 0,
            "a_magnetic_dots": [
                255,
                255,
                255,
                255,
                31,
                0
            ],
            "size": [
                3104.0,
                433.0,
                20.0
            ],
            "weight": 3400.0,
            "degree": -0.0,
            "kind": "XFC004655391",
            "level": 2,
            "picked": true
        },
        {
            "id": "146#8#109",
            "handle": 0,
            "center": [
                3441.5,
                271.4999694824221,
                20.0
            ],
            "a_grab_pos": [
                3443.000244140625,
                210.9998474121096,
                0
            ],
            "a_grab_degree": -0.0,
            "a_drop_pos_offset": [
                1.500244140625,
                -60.5001220703125
            ],
            "a_drop_degree": 0,
            "a_magnetic_dots": [
                255,
                255,
                255,
                255,
                31,
                0
            ],
            "size": [
                3062.99951171875,
                432.99993896484375,
                20.0
            ],
            "weight": 3441.5,
            "degree": -0.0,
            "kind": "XFC004655415",
            "level": 2,
            "picked": true
        },
        {
            "id": "60#151#139",
            "handle": 1,
            "center": [
                6700.5,
                1597.5,
                20.0
            ],
            "b_grab_pos": [
                6552.0,
                1541.5,
                0
            ],
            "b_grab_degree": 0.0,
            "b_drop_pos_offset": [
                -148.5,
                -56.0
            ],
            "b_drop_degree": 0,