{
    "name": "a18",
    "size": [
        8450,
        1820,
        20.0
    ],
    "parts": [
        {
            "id": "46#31#114",
            "handle": 0,
            "center": [
                2909.50048828125,
                569.9999389648438,
                20.0
            ],
            "a_grab_pos": [
                2899.50048828125,
                531.9999389648438,
                0
            ],
            "a_grab_degree": 90.0,
            "a_drop_pos_offset": [
                38.0,
                -10.0
            ],
            "a_drop_degree": 0,
            "a_magnetic_dots": [
                248,
                15,
                252,
                7,
                0,
                0
            ],
            "size": [
                948.0,
                408.0,
                20.0
            ],
            "weight": 2909.50048828125,
            "degree": 90.0,
            "kind": "XFC004650815",
            "level": 2,
            "picked": true
        },
        {
            "id": "133#106#77",
            "handle": 0,
            "center": [
                3324.50048828125,
                569.9999389648438,
                20.0
            ],
            "a_grab_pos": [
                3334.50048828125,
                607.9999389648438,
                0
            ],
            "a_grab_degree": 90.0,
            "a_drop_pos_offset": [
                38.0,
                -10.0
            ],
            "a_drop_degree": 180,
            "a_magnetic_dots": [
                248,
                15,
                252,
                7,
                0,
                0
            ],
            "size": [
                948.0,
                408.0,
                20.0
            ],
            "weight": 3324.50048828125,
            "degree": 90.0,
            "kind": "XFC004650815",
            "level": 2,
            "picked": true
        }
    ],
    "plate_png_path": "/test5/large_first_result/plate.png",
    "finished": true,
    "offset": [
        52,
        60,
        1.2
    ],
    "corner": [
        [
            4111.17041,
            7102.560059
        ],
        -0.267611
    ]
}