color_id,left_one,left_two,left_three,left_four,left_five,left_six,left_seven,left_eight,right_one,right_two,right_three,right_four,right_five,right_six,right_seven,right_eight,left_offset,right_offset,left_angleoffset,right_angleoffset,size,angle,center_x,center_y,width,height,bdcenter_x,bdcenter_x,part_class,part_rotation
60#151#139,63,128,127,224,192,9,0,0,0,0,0,0,0,0,0,0,"(-263.500244140625, -35.0001220703125)","(0, 0)",0,0,2,0.0,1389.999755859375,1219.999755859375,2759.99951171875,1180.999755859375,1390.5,1220.5,XFC004650789,1
60#77#26,63,128,127,224,192,9,0,0,0,0,0,0,0,0,0,0,"(-263.500244140625, -35.0001220703125)","(0, 0)",0,0,2,-0.0,6469.0,1220.0,2759.99951171875,1180.999755859375,6469.5,1220.5,XFC004650789,1
65#91#135,129,127,0,127,14,12,0,0,0,0,0,0,0,0,0,0,"(263.500244140625, 35.0001220703125)","(0, 0)",0,0,2,0.2301025390625,3968.750244140625,1217.7822265625,2759.99951171875,1180.999755859375,3967.0,1220.5,XFC004650789,0
146#20#124,255,255,255,63,0,0,0,0,255,255,255,63,0,0,0,0,"(-953.99951171875, 0.000244140625)","(1054.00048828125, 0.000244140625)",0,0,3,-0.0,2701.5,480.0,5381.9990234375,281.99993896484375,2702.0,480.5,XFC004656318,0
82#38#101,255,255,255,63,0,0,0,0,255,255,255,63,0,0,0,0,"(-953.99951171875, 0.000244140625)","(1054.00048828125, 0.000244140625)",0,0,3,-0.0,2701.5,190.0,5381.9990234375,281.99993896484375,2702.0,190.5,XFC004656318,0
58#94#96,254,63,255,31,0,0,0,0,0,0,0,0,0,0,0,0,"(-28.5, -56.5)","(0, 0)",0,0,2,-0.0,5958.0,316.5,1099.0,609.0,5958.5,317.0,XFC004650772,1
118#95#68,254,63,255,31,0,0,0,0,0,0,0,0,0,0,0,0,"(28.5, 56.5)","(0, 0)",0,0,2,-0.0,7073.0,316.5,1099.0,609.0,7073.5,317.0,XFC004650772,0
146#8#109,254,63,255,31,0,0,0,0,0,0,0,0,0,0,0,0,"(10.5, 42.0)","(0, 0)",0,0,2,90.0,8146.5,1230.0,1149.0,574.0,8147.0,1230.5,XFC004650811,0
