color_id,left_one,left_two,left_three,left_four,left_five,left_six,left_seven,left_eight,right_one,right_two,right_three,right_four,right_five,right_six,right_seven,right_eight,left_offset,right_offset,left_angleoffset,right_angleoffset,size,angle,center_x,center_y,width,height,bdcenter_x,bdcenter_x,part_class,part_rotation
60#151#139,193,95,192,255,15,14,0,0,0,0,0,0,0,0,0,0,"(303.499755859375, -44.0001220703125)","(0, 0)",0,0,2,0.0,7060.000244140625,600.000244140625,2759.99951171875,1180.999755859375,7059.5,599.5,XFC004650789,1
60#77#26,193,95,192,255,15,14,0,0,0,0,0,0,0,0,0,0,"(303.499755859375, -44.0001220703125)","(0, 0)",0,0,2,-0.0,1981.0,600.0,2759.99951171875,1180.999755859375,1980.5,599.5,XFC004650789,1
65#91#135,255,128,254,224,193,15,0,0,0,0,0,0,0,0,0,0,"(-303.499755859375, 44.0001220703125)","(0, 0)",0,0,2,0.2301025390625,4481.249755859375,602.2177734375,2759.99951171875,1180.999755859375,4483.0,599.5,XFC004650789,0
146#20#124,255,255,255,63,0,0,0,0,255,255,255,63,0,0,0,0,"(-1053.99951171875, 0.000244140625)","(953.00048828125, 0.000244140625)",0,0,3,-0.0,5748.5,1340.0,5381.9990234375,281.99993896484375,5748.0,1339.5,XFC004656318,0
82#38#101,255,255,255,63,0,0,0,0,255,255,255,63,0,0,0,0,"(-1053.99951171875, 0.000244140625)","(953.00048828125, 0.000244140625)",0,0,3,-0.0,5748.5,1630.0,5381.9990234375,281.99993896484375,5748.0,1629.5,XFC004656318,0
58#94#96,254,63,255,31,0,0,0,0,0,0,0,0,0,0,0,0,"(28.5, 56.5)","(0, 0)",0,0,2,-0.0,2492.0,1503.5,1099.0,609.0,2491.5,1503.0,XFC004650772,1
118#95#68,254,63,255,31,0,0,0,0,0,0,0,0,0,0,0,0,"(-28.5, -56.5)","(0, 0)",0,0,2,-0.0,1377.0,1503.5,1099.0,609.0,1376.5,1503.0,XFC004650772,0
146#8#109,254,127,255,63,0,0,0,0,0,0,0,0,0,0,0,0,"(-30.5, -42.0)","(0, 0)",0,0,2,90.0,303.5,590.0,1149.0,574.0,303.0,589.5,XFC004650811,0
