{
    "corner": [
        [
            6000.488037,
            4096.9124759999995
        ],
        0
    ],
    "finished": false,
    "name": "17",
    "offset": [
        52,
        60,
        1.2
    ],
    "parts": [
        {
            "a_drop_degree": 0,
            "a_drop_pos_offset": [
                79.5,
                -134.0
            ],
            "a_grab_degree": 90.0,
            "a_grab_pos": [
                353.5,
                1320.5,
                0
            ],
            "a_magnetic_dots": [
                206,
                4,
                142,
                134,
                70,
                3
            ],
            "center": [
                487.5,
                1400.0,
                20.0
            ],
            "degree": 90.0,
            "handle": 0,
            "id": "146#20#124",
            "kind": "Z748.4.1.3-1",
            "level": 2,
            "picked": true,
            "size": [
                1269.0,
                888.0,
                20.0
            ],
            "weight": 18
        },
        {
            "a_drop_degree": 0,
            "a_drop_pos_offset": [
                -291.5,
                98.0
            ],
            "a_grab_degree": 0.0,
            "a_grab_pos": [
                1484.5,
                1921.0,
                0
            ],
            "a_magnetic_dots": [
                255,
                255,
                15,
                192,
                127,
                0
            ],
            "center": [
                1776.0,
                1823.0,
                20.0
            ],
            "degree": -0.0,
            "handle": 0,
            "id": "66#74#47",
            "kind": "Z748.5.1.1-1",
            "level": 2,
            "picked": true,
            "size": [
                2861.0,
                1137.0,
                20.0
            ],
            "weight": 29
        },
        {
            "b_drop_degree": 0,
            "b_drop_pos_offset": [
                -291.5,
                97.5
            ],
            "b_grab_degree": 0.0,
            "b_grab_pos": [
                4777.0,
                1920.5,
                0
            ],
            "b_magnetic_dots": [
                255,
                255,
                15,
                192,
                127,
                0
            ],
            "center": [
                5068.5,
                1823.0,
                20.0
            ],
            "degree": -0.0,
            "handle": 1,
            "id": "53#2#133",
            "kind": "Z748.5.1.1-1",
            "level": 2,
            "picked": true,
            "size": [
                2861.0,
                1137.0,
                20.0
            ],
            "weight": 29
        },
        {
            "b_drop_degree": 0,
            "b_drop_pos_offset": [
                -291.499755859375,
                97.4998779296875
            ],
            "b_grab_degree": 0.0,
            "b_grab_pos": [
                8268.000244140625,
                1920.4998779296875,
                0
            ],
            "b_magnetic_dots": [
                255,
                255,
                15,
                192,
                127,
                0
            ],
            "center": [
                8559.5,
                1823.0,
                20.0
            ],
            "degree": -0.0,
            "handle": 1,
            "id": "38#66#25",
            "kind": "Z748.5.1.1-1",
            "level": 2,
            "picked": false,
            "size": [
                2861.0,
                1137.0,
                20.0
            ],
            "weight": 29
        },
        {
            "a_drop_degree": 0,
            "a_drop_pos_offset": [
                512.500244140625,
                221.9998779296875
            ],
            "a_grab_degree": 0.0,
            "a_grab_pos": [
                3164.000244140625,
                801.4998779296875,
                0
            ],
            "a_magnetic_dots": [
                255,
                127,
                255,
                255,
                31,
                14
            ],
            "center": [
                2651.5,
                579.5,
                20.0
            ],
            "degree": -0.0,
            "handle": 0,
            "id": "60#77#26",
            "kind": "Z748.5.1.3-1",
            "level": 2,
            "picked": true,
            "size": [
                2863.99951171875,
                1136.999755859375,
                20.0
            ],
            "weight": 39
        },
        {
            "a_drop_degree": 0,
            "a_drop_pos_offset": [
                330.500244140625,
                -298.0001220703125
            ],
            "a_grab_degree": 0.0,
            "a_grab_pos": [
                3007.500244140625,
                1426.9998779296875,
                0
            ],
            "a_magnetic_dots": [
                255,
                255,
                255,
                63,
                252,
                15
            ],
            "center": [
                2677.0,
                1725.0,
                20.0
            ],
            "degree": -0.0,
            "handle": 0,
            "id": "27#134#63",
            "kind": "Z748.5.1.1-1",
            "level": 2,
            "picked": true,
            "size": [
                2861.0,
                1137.0,
                20.0
            ],
            "weight": 40
        },
        {
            "b_drop_degree": 0,
            "b_drop_pos_offset": [
                330.500244140625,
                -298.0001220703125
            ],
            "b_grab_degree": 0.0,
            "b_grab_pos": [
                5525.500244140625,
                279.9998779296875,
                0
            ],
            "b_magnetic_dots": [
                255,
                255,
                255,
                63,
                252,
                15
            ],
            "center": [
                5195.0,
                578.0,
                20.0
            ],
            "degree": -0.0,
            "handle": 1,
            "id": "92#120#123",
            "kind": "Z748.5.1.1-1",
            "level": 2,
            "picked": true,
            "size": [
                2861.0,
                1137.0,
                20.0
            ],
            "weight": 40
        },
        {
            "b_drop_degree": 0,
            "b_drop_pos_offset": [
                331.5,
                -298.5
            ],
            "b_grab_degree": 0.0,
            "b_grab_pos": [
                6312.5,
                1522.0,
                0
            ],
            "b_magnetic_dots": [
                255,
                255,
                255,
                63,
                252,
                15
            ],
            "center": [
                5981.0,
                1820.5,
                20.0
            ],
            "degree": -0.0,
            "handle": 1,
            "id": "133#106#77",
            "kind": "Z748.5.1.1-1",
            "level": 2,
            "picked": true,
            "size": [
                2861.0,
                1137.0,
                20.0
            ],
            "weight": 40
        },
        {
            "b_drop_degree": 0,
            "b_drop_pos_offset": [
                331.500244140625,
                -297.5001220703125
            ],
            "b_grab_degree": 0.0,
            "b_grab_pos": [
                7960.00048828125,
                994.9996337890625,
                0
            ],
            "b_magnetic_dots": [
                255,
                255,
                255,
                63,
                252,
                15
            ],