{
    "corner": [
        [
            4111.17041,
            7102.560059
        ],
        -0.267611
    ],
    "finished": false,
    "name": "a14",
    "offset": [
        52,
        60,
        1.2
    ],
    "parts": [
        {
            "a_drop_degree": 180,
            "a_drop_pos_offset": [
                -93.5,
                -103.0
            ],
            "a_grab_degree": -67.50353240966797,
            "a_grab_pos": [
                33.052029962327694,
                1356.6592382898857,
                0
            ],
            "a_magnetic_dots": [
                0,
                0,
                32,
                0,
                0,
                0
            ],
            "center": [
                92.4384765625,
                1230.86376953125,
                20.0
            ],
            "degree": -67.50353240966797,
            "handle": 0,
            "id": "53#2#133",
            "kind": "XFC004650749",
            "level": 2,
            "picked": false,
            "size": [
                1085.0,
                540.0,
                20.0
            ],
            "weight": 92.4384765625
        },
        {
            "a_drop_degree": 0,
            "a_drop_pos_offset": [
                -93.5,
                -103.0
            ],
            "a_grab_degree": -67.50353240966797,
            "a_grab_pos": [
                528.1247278501723,
                884.2676415929268,
                0
            ],
            "a_magnetic_dots": [
                0,
                1,
                0,
                0,
                0,
                0
            ],
            "center": [
                468.73828125,
                1010.0631103515625,
                20.0
            ],
            "degree": -67.50353240966797,
            "handle": 0,
            "id": "92#120#123",
            "kind": "XFC004650749",
            "level": 2,
            "picked": false,
            "size": [
                1085.0,
                540.0,
                20.0
            ],
            "weight": 468.73828125
        },
        {
            "a_drop_degree": 0,
            "a_drop_pos_offset": [
                39.0001220703125,
                -9.5001220703125
            ],
            "a_grab_degree": 0.0,
            "a_grab_pos": [
                664.0001220703125,
                207.9998474121096,
                0
            ],
            "a_magnetic_dots": [
                248,
                15,
                252,
                7,
                0,
                0
            ],
            "center": [
                625.0,
                217.4999694824221,
                20.0
            ],
            "degree": 0.0,
            "handle": 0,
            "id": "133#106#77",
            "kind": "XFC004650815",
            "level": 2,
            "picked": false,
            "size": [
                948.0,
                407.0,
                20.0
            ],
            "weight": 625.0
        },
        {
            "a_drop_degree": 0,
            "a_drop_pos_offset": [
                -35.5,
                -0.5
            ],
            "a_grab_degree": -0.0,
            "a_grab_pos": [
                1765.5,
                1622.0,
                0
            ],
            "a_magnetic_dots": [
                255,
                255,
                255,
                63,
                0,
                0
            ],
            "center": [
                1801.0,
                1622.5,
                20.0
            ],
            "degree": -0.0,
            "handle": 0,
            "id": "118#95#68",
            "kind": "XFC004655380",
            "level": 2,
            "picked": true,
            "size": [
                2481.0,
                377.0,
                20.0
            ],
            "weight": 1801.0
        },
        {
            "a_drop_degree": 0,
            "a_drop_pos_offset": [
                -35.5,
                -0.5
            ],
            "a_grab_degree": -0.0,
            "a_grab_pos": [
                1765.5,
                852.0,
                0
            ],
            "a_magnetic_dots": [
                255,
                255,
                255,
                63,
                0,
                0
            ],
            "center": [
                1801.0,
                852.5,
                20.0
            ],
            "degree": -0.0,
            "handle": 0,
            "id": "146#8#109",
            "kind": "XFC004655380",
            "level": 2,
            "picked": true,
            "size": [
                2481.0,
                377.0,
                20.0
            ],
            "weight": 1801.0
        },
        {
            "a_drop_degree": 180,
            "a_drop_pos_offset": [
                -35.5,
                -0.5
            ],
            "a_grab_degree": -0.0,
            "a_grab_pos": [
                1836.5,
                1238.0,
                0
            ],
            "a_magnetic_dots": [
                255,
                255,
                255,
                63,
                0,
                0
            ],
            "center": [
                1801.0,
                1237.5,
                20.0
            ],
            "degree": -0.0,
            "handle": 0,
            "id": "115#143#119",
            "kind": "XFC004655380",
            "level": 2,
            "picked": true,
            "size": [
                2481.0,
                377.0,
                20.0
            ],
            "weight": 1801.0
        },
        {
            "a_drop_degree": 0,
            "a_drop_pos_offset": [
                0.5,
                -0.5
            ],
            "a_grab_degree": -0.0,
            "a_grab_pos": [
                2110.5,
                147.0,
                0
            ],
            "a_magnetic_dots": [
                255,
                255,
                255,
                63,
                0,
                0
            ],
            "center": [
                2110.0,
                147.5,
                20.0
            ],
            "degree": -0.0,
            "handle": 0,
            "id": "27#134#63",
            "kind": "XFC004656337",
            "level": 2,
            "picked": true,
            "size": [
                1999.0,
                247.0,
                20.0
            ],
            "weight": 2110.0
        },
        {
            "a_drop_degree": 0,
            "a_drop_pos_offset": [
                -57.5,
                -0.5
            ],
            "a_grab_degree": -0.0,
            "a_grab_pos": [
                2494.5,
                467.0,
                0
            ],
            "a_magnetic_dots": [
                255,
                255,
                255,
                63,
                0,
                0
            ],
            "center": [
                2552.0,
                467.5,
                20.0
            ],
            "degree": -0.0,
            "handle": 0,
            "id": "121#68#135",
            "kind": "XFC004655420",
            "level": 2,
            "picked": true,
            "size": [
                2481.0,
                377.0,
                20.0
            ],
            "weight": 2552.0
        },
        {
            "a_drop_degree": 0,
            "a_drop_pos_offset": [
                0.5,
                -0.5
            ],
            "a_grab_degree": -0.0,
            "a_grab_pos": [
                4125.5,
                147.0,
                0
            ],
            "a_magnetic_dots": [
                255,
                255,
                255,
                63,
                0,
                0
            ],
            "center": [
                4125.0,
                147.5,
                20.0
            ],
            "degree": -0.0,