{
    "corner": [
        [
            4111.17041,
            7102.560059
        ],
        -0.267611
    ],
    "finished": true,
    "name": "a20",
    "offset": [
        52,
        60,
        1.2
    ],
    "parts": [
        {
            "a_drop_degree": 0,
            "a_drop_pos_offset": [
                38.0,
                -10.0
            ],
            "a_grab_degree": 90.0,
            "a_grab_pos": [
                2899.50048828125,
                531.9999389648438,
                0
            ],
            "a_magnetic_dots": [
                248,
                15,
                252,
                7,
                0,
                0
            ],
            "center": [
                2909.50048828125,
                569.9999389648438,
                20.0
            ],
            "degree": 90.0,
            "handle": 0,
            "id": "46#31#114",
            "kind": "XFC004650815",
            "level": 2,
            "picked": true,
            "size": [
                948.0,
                408.0,
                20.0
            ],
            "weight": 2909.50048828125
        },
        {
            "a_drop_degree": 0,
            "a_drop_pos_offset": [
                0.5,
                -0.5
            ],
            "a_grab_degree": -0.0,
            "a_grab_pos": [
                3150.5,
                1687.0,
                0
            ],
            "a_magnetic_dots": [
                255,
                255,
                255,
                63,
                0,
                0
            ],
            "center": [
                3150.0,
                1687.5,
                20.0
            ],
            "degree": -0.0,
            "handle": 0,
            "id": "66#74#47",
            "kind": "XFC004656337",
            "level": 2,
            "picked": true,
            "size": [
                1999.0,
                247.0,
                20.0
            ],
            "weight": 3150.0
        },
        {
            "a_drop_degree": 0,
            "a_drop_pos_offset": [
                0.5,
                -0.5
            ],
            "a_grab_degree": -0.0,
            "a_grab_pos": [
                3150.5,
                1432.0,
                0
            ],
            "a_magnetic_dots": [
                255,
                255,
                255,
                63,
                0,
                0
            ],
            "center": [
                3150.0,
                1432.5,
                20.0
            ],
            "degree": -0.0,
            "handle": 0,
            "id": "27#134#63",
            "kind": "XFC004656337",
            "level": 2,
            "picked": true,
            "size": [
                1999.0,
                247.0,
                20.0
            ],
            "weight": 3150.0
        },
        {
            "a_drop_degree": 0,
            "a_drop_pos_offset": [
                0.5,
                -0.5
            ],
            "a_grab_degree": -0.0,
            "a_grab_pos": [
                3150.5,
                1177.0,
                0
            ],
            "a_magnetic_dots": [
                255,
                255,
                255,
                63,
                0,
                0
            ],
            "center": [
                3150.0,
                1177.5,
                20.0
            ],
            "degree": -0.0,
            "handle": 0,
            "id": "53#2#133",
            "kind": "XFC004656337",
            "level": 2,
            "picked": true,
            "size": [
                1999.0,
                247.0,
                20.0
            ],
            "weight": 3150.0
        },
        {
            "a_drop_degree": 180,
            "a_drop_pos_offset": [
                38.0,
                -10.0
            ],
            "a_grab_degree": 90.0,
            "a_grab_pos": [
                3334.50048828125,
                607.9999389648438,
                0
            ],
            "a_magnetic_dots": [
                248,
                15,
                252,
                7,
                0,
                0
            ],
            "center": [
                3324.50048828125,
                569.9999389648438,
                20.0
            ],
            "degree": 90.0,
            "handle": 0,
            "id": "133#106#77",
            "kind": "XFC004650815",
            "level": 2,
            "picked": true,
            "size": [
                948.0,
                408.0,
                20.0
            ],
            "weight": 3324.50048828125
        },
        {
            "b_drop_degree": 0,
            "b_drop_pos_offset": [
                -94.5,
                -104.0
            ],
            "b_grab_degree": -89.7860107421875,
            "b_grab_pos": [
                4534.513278622922,
                1090.976496818596,
                0
            ],
            "b_magnetic_dots": [
                0,
                1,
                0,
                0,
                0,
                0
            ],
            "center": [
                4430.866943359375,
                1185.8642578125,
                20.0
            ],
            "degree": -89.7860107421875,
            "handle": 1,
            "id": "146#8#109",
            "kind": "XFC004650749",
            "level": 2,
            "picked": true,
            "size": [
                1085.0,
                540.0,
                20.0
            ],
            "weight": 4430.866943359375
        },
        {
            "b_drop_degree": 180,
            "b_drop_pos_offset": [
                -94.5,
                -104.0
            ],
            "b_grab_degree": -89.78620910644531,
            "b_grab_pos": [
                4471.977115522138,
                1361.5269285255695,
                0
            ],
            "b_magnetic_dots": [
                0,
                0,
                32,
                0,
                0,
                0
            ],
            "center": [
                4575.623779296875,
                1266.6395263671875,
                20.0
            ],
            "degree": -89.78620910644531,
            "handle": 1,
            "id": "58#94#96",
            "kind": "XFC004650749",
            "level": 2,
            "picked": true,
            "size": [
                1085.0,
                540.0,
                20.0
            ],
            "weight": 4575.623779296875
        },
        {
            "b_drop_degree": 0,
            "b_drop_pos_offset": [
                -94.5,
                -104.0
            ],
            "b_grab_degree": -89.73251342773438,
            "b_grab_pos": [
                5062.902907832159,
                1090.8436303552505,
                0
            ],
            "b_magnetic_dots": [
                0,
                1,
                0,
                0,
                0,
                0
            ],
            "center": [
                4959.34521484375,
                1185.828125,
                20.0
            ],
            "degree": -89.73251342773438,
            "handle": 1,
            "id": "118#95#68",
            "kind": "XFC004650749",
            "level": 2,
            "picked": true,
            "size": [
                1085.0,
                540.0,
                20.0
            ],
            "weight": 4959.34521484375
        },
        {
            "b_drop_degree": 180,
            "b_drop_pos_offset": [
                -94.5,
                -104.0
            ],
            "b_grab_degree": -89.78620910644531,
            "b_grab_pos": [
                5000.486637006513,
                1361.528759580257,
                0
            ],