{
    "corner": [
        [
            4111.17041,
            7102.560059
        ],
        1.5
    ],
    "finished": false,
    "name": "a23",
    "offset": [
        52,
        60,
        1.2
    ],
    "parts": [
        {
            "a_drop_degree": 0,
            "a_drop_pos_offset": [
                0.5,
                -80.0
            ],
            "a_grab_degree": 90.0,
            "a_grab_pos": [
                66.0,
                613.5,
                0
            ],
            "a_magnetic_dots": [
                255,
                127,
                0,
                0,
                0,
                0
            ],
            "center": [
                146.0,
                614.0,
                20.0
            ],
            "degree": 90.0,
            "handle": 0,
            "id": "46#31#114",
            "kind": "12979159",
            "level": 2,
            "picked": false,
            "size": [
                1205.0,
                186.0,
                20.0
            ],
            "weight": 146.0
        },
        {
            "a_drop_degree": 0,
            "a_drop_pos_offset": [
                0.5,
                -80.0
            ],
            "a_grab_degree": -0.0,
            "a_grab_pos": [
                702.5,
                1638.0,
                0
            ],
            "a_magnetic_dots": [
                255,
                127,
                0,
                0,
                0,
                0
            ],
            "center": [
                702.0,
                1718.0,
                20.0
            ],
            "degree": -0.0,
            "handle": 0,
            "id": "115#143#119",
            "kind": "12979159",
            "level": 2,
            "picked": false,
            "size": [
                1205.0,
                186.0,
                20.0
            ],
            "weight": 702.0
        },
        {
            "a_drop_degree": 0,
            "a_drop_pos_offset": [
                6.500244140625,
                -60.0001220703125
            ],
            "a_grab_degree": -0.0,
            "a_grab_pos": [
                1963.501220703125,
                1220.499755859375,
                0
            ],
            "a_magnetic_dots": [
                255,
                255,
                255,
                255,
                31,
                0
            ],
            "center": [
                1957.0009765625,
                1280.4998779296875,
                20.0
            ],
            "degree": -0.0,
            "handle": 0,
            "id": "82#38#101",
            "kind": "XFC004655391",
            "level": 2,
            "picked": true,
            "size": [
                3103.99951171875,
                432.99993896484375,
                20.0
            ],
            "weight": 1957.0009765625
        },
        {
            "a_drop_degree": 0,
            "a_drop_pos_offset": [
                1.500244140625,
                -60.5001220703125
            ],
            "a_grab_degree": -0.0,
            "a_grab_pos": [
                1988.001220703125,
                777.999755859375,
                0
            ],
            "a_magnetic_dots": [
                255,
                255,
                255,
                255,
                31,
                0
            ],
            "center": [
                1986.5009765625,
                838.4998779296876,
                20.0
            ],
            "degree": -0.0,
            "handle": 0,
            "id": "58#94#96",
            "kind": "XFC004655415",
            "level": 2,
            "picked": true,
            "size": [
                3062.99951171875,
                432.99993896484375,
                20.0
            ],
            "weight": 1986.5009765625
        },
        {
            "a_drop_degree": 0,
            "a_drop_pos_offset": [
                0.5,
                -0.5
            ],
            "a_grab_degree": -0.0,
            "a_grab_pos": [
                2322.5,
                1628.0,
                0
            ],
            "a_magnetic_dots": [
                255,
                255,
                255,
                63,
                0,
                0
            ],
            "center": [
                2322.0,
                1628.5,
                20.0
            ],
            "degree": -0.0,
            "handle": 0,
            "id": "146#8#109",
            "kind": "XFC004656337",
            "level": 2,
            "picked": true,
            "size": [
                1999.0,
                247.0,
                20.0
            ],
            "weight": 2322.0
        },
        {
            "a_drop_degree": -0.0,
            "a_drop_pos_offset": [
                -1054.99951171875,
                -0.000244140625
            ],
            "a_grab_degree": -0.0,
            "a_grab_pos": [
                1920.50048828125,
                182.999755859375,
                0
            ],
            "a_magnetic_dots": [
                255,
                255,
                255,
                63,
                0,
                0
            ],
            "b_drop_degree": -0.0,
            "b_drop_pos_offset": [
                953.00048828125,
                -0.000244140625
            ],
            "b_grab_degree": -0.0,
            "b_grab_pos": [
                3928.50048828125,
                182.999755859375,
                0
            ],
            "b_magnetic_dots": [
                255,
                255,
                255,
                63,
                0,
                0
            ],
            "center": [
                2975.5,
                183.0,
                20.0
            ],
            "degree": -0.0,
            "handle": 2,
            "id": "65#91#135",
            "kind": "XFC004656318",
            "level": 3,
            "picked": true,
            "size": [
                5381.9990234375,
                281.9999389648437,
                20.0
            ],
            "weight": 2975.5
        },
        {
            "a_drop_degree": -0.0,
            "a_drop_pos_offset": [
                -1054.99951171875,
                -0.000244140625
            ],
            "a_grab_degree": -0.0,
            "a_grab_pos": [
                1920.50048828125,
                472.999755859375,
                0
            ],
            "a_magnetic_dots": [
                255,
                255,
                255,
                63,
                0,
                0
            ],
            "b_drop_degree": -0.0,
            "b_drop_pos_offset": [
                953.00048828125,
                -0.000244140625
            ],
            "b_grab_degree": -0.0,
            "b_grab_pos": [
                3928.50048828125,
                472.999755859375,
                0
            ],
            "b_magnetic_dots": [
                255,
                255,
                255,
                63,
                0,
                0
            ],
            "center": [
                2975.5,
                473.0,
                20.0
            ],
            "degree": -0.0,
            "handle": 2,
            "id": "146#20#124",
            "kind": "XFC004656318",
            "level": 3,
            "picked": true,
            "size": [
                5381.9990234375,
                281.9999389648437,
                20.0
            ],
            "weight": 2975.5
        },
        {
            "b_drop_degree": 0,
            "b_drop_pos_offset": [
                285.500244140625,
                -46.0001220703125
            ],
            "b_grab_degree": -0.0,
            "b_grab_pos": [
                4999.500244140625,
                1166.9998779296875,
                0
            ],