{
    "name": "a33",
    "size": [
        6000,
        1800,
        20.0
    ],
    "parts": [
        {
            "id": "96#3#54",
            "handle": 0,
            "center": [
                2734.500244140625,
                991.5,
                20.0
            ],
            "a_grab_pos": [
                2859.500244140625,
                1109.0,
                0
            ],
            "a_grab_degree": -0.0,
            "a_drop_pos_offset": [
                -125.0,
                -117.5
            ],
            "a_drop_degree": 180,
            "a_magnetic_dots": [
                0,
                0,
                192,
                7,
                0,
                0
            ],
            "size": [
                1015.0,
                301.0,
                20.0
            ],
            "weight": 5,
            "maximum_size": [
                1140.0,
                418.5,
                20.0
            ],
            "degree": -0.0,
            "kind": "TPJ005936061",
            "level": 2,
            "picked": false
        },
        {
            "id": "51#52#110",
            "handle": 0,
            "center": [
                2727.500244140625,
                819.4998779296876,
                20.0
            ],
            "a_grab_pos": [
                2602.500244140625,
                701.9998779296875,
                0
            ],
            "a_grab_degree": 0.0,
            "a_drop_pos_offset": [
                -125.0,
                -117.5
            ],
            "a_drop_degree": 0,
            "a_magnetic_dots": [
                248,
                0,
                0,
                0,
                0,
                0
            ],
            "size": [
                1015.0,
                301.0,
                20.0
            ],
            "weight": 5,
            "maximum_size": [
                1140.0,
                418.5,
                20.0
            ],
            "degree": 0.0,
            "kind": "TPJ005936061",
            "level": 2,
            "picked": false
        },
        {
            "id": "122#70#73",
            "handle": 1,
            "center": [
                3768.5,
                991.5,
                20.0
            ],
            "b_grab_pos": [
                3893.5,
                1109.0,
                0
            ],
            "b_grab_degree": -0.0,
            "b_drop_pos_offset": [
                -125.0,
                -117.5
            ],
            "b_drop_degree": 180,
            "b_magnetic_dots": [
                0,
                0,
                192,
                7,
                0,
                0
            ],
            "size": [
                1015.0,
                301.0,
                20.0
            ],
            "weight": 5,
            "maximum_size": [
                1015.0,
                301.0,
                20.0
            ],
            "degree": -0.0,
            "kind": "TPJ005936061",
            "level": 2,
            "picked": false
        },
        {
            "id": "28#33#139",
            "handle": 1,
            "center": [
                3761.5,
                819.4998779296876,
                20.0
            ],
            "b_grab_pos": [
                3636.5,
                701.9998779296875,
                0
            ],
            "b_grab_degree": 0.0,
            "b_drop_pos_offset": [
                -125.0,
                -117.5
            ],
            "b_drop_degree": 0,
            "b_magnetic_dots": [
                248,
                0,
                0,
                0,
                0,
                0
            ],
            "size": [
                1015.0,
                301.0,
                20.0
            ],
            "weight": 5,
            "maximum_size": [
                1015.0,
                301.0,
                20.0
            ],
            "degree": 0.0,
            "kind": "TPJ005936061",
            "level": 2,
            "picked": false
        },
        {
            "id": "140#85#33",
            "handle": 0,
            "center": [
                1700.5,
                991.5,
                20.0
            ],
            "a_grab_pos": [
                1825.5,
                1109.0,
                0
            ],
            "a_grab_degree": -0.0,
            "a_drop_pos_offset": [
                -125.0,
                -117.5
            ],
            "a_drop_degree": 180,
            "a_magnetic_dots": [
                0,
                0,
                192,
                7,
                0,
                0
            ],
            "size": [
                1015.0,
                301.0,
                20.0
            ],
            "weight": 5,
            "maximum_size": [
                1140.0,
                418.5,
                20.0
            ],
            "degree": -0.0,
            "kind": "TPJ005936061",
            "level": 2,
            "picked": false
        },
        {
            "id": "84#14#5",
            "handle": 0,
            "center": [
                1693.5,
                819.4998779296876,
                20.0
            ],
            "a_grab_pos": [
                1568.5,
                701.9998779296875,
                0
            ],
            "a_grab_degree": 0.0,
            "a_drop_pos_offset": [
                -125.0,
                -117.5
            ],
            "a_drop_degree": 0,
            "a_magnetic_dots": [
                248,
                0,
                0,
                0,
                0,
                0
            ],
            "size": [
                1015.0,
                301.0,
                20.0
            ],
            "weight": 5,
            "maximum_size": [
                1140.0,
                418.5,
                20.0
            ],
            "degree": 0.0,
            "kind": "TPJ005936061",
            "level": 2,
            "picked": false
        },
        {
            "id": "155#23#131",
            "handle": 0,
            "center": [
                1623.0,
                577.0,
                20.0
            ],
            "a_grab_pos": [
                1640.5,
                500.0,
                0
            ],
            "a_grab_degree": 0.0,
            "a_drop_pos_offset": [
                17.5,
                -77.0
            ],
            "a_drop_degree": 0,
            "a_magnetic_dots": [
                255,
                87,
                0,
                0,
                0,
                0
            ],
            "size": [
                1849.0,
                168.0,
                20.0
            ],
            "weight": 13,
            "maximum_size": [
                1866.5,
                245.0,
                20.0
            ],
            "degree": 0.0,
            "kind": "TPJ004861598",
            "level": 2,
            "picked": false
        },
        {
            "id": "107#109#26",
            "handle": 0,
            "center": [
                1621.0,
                401.0,
                20.0
            ],
            "a_grab_pos": [
                1638.5,
                324.0,
                0
            ],
            "a_grab_degree": -0.0,
            "a_drop_pos_offset": [
                17.5,
                -77.0
            ],
            "a_drop_degree": 0,
            "a_magnetic_dots": [
                255,
                87,
                0,
                0,
                0,
                0
            ],
            "size": [
                1849.0,
                168.0,
                20.0
            ],
            "weight": 13,
            "maximum_size": [
                1866.5,
                245.0,
                20.0
            ],
            "degree": -0.0,
            "kind": "TPJ004861598",
            "level": 2,