{
    "corner": [
        [
            4111.17041,
            7102.560059
        ],
        -0.267611
    ],
    "finished": false,
    "name": "a8",
    "offset": [
        52,
        60,
        1.2
    ],
    "parts": [
        {
            "a_drop_degree": 0,
            "a_drop_pos_offset": [
                -30.5,
                42.0
            ],
            "a_grab_degree": 90.0,
            "a_grab_pos": [
                345.5,
                1260.5,
                0
            ],
            "a_magnetic_dots": [
                254,
                127,
                255,
                63,
                0,
                0
            ],
            "center": [
                303.5,
                1230.0,
                20.0
            ],
            "degree": 90.0,
            "handle": 0,
            "id": "146#8#109",
            "kind": "XFC004650811",
            "level": 2,
            "picked": false,
            "size": [
                1149.0,
                574.0,
                20.0
            ],
            "weight": 303.5
        },
        {
            "a_drop_degree": 0,
            "a_drop_pos_offset": [
                -28.5,
                56.5
            ],
            "a_grab_degree": 0.0,
            "a_grab_pos": [
                1348.5,
                373.0,
                0
            ],
            "a_magnetic_dots": [
                254,
                63,
                255,
                31,
                0,
                0
            ],
            "center": [
                1377.0,
                316.5,
                20.0
            ],
            "degree": -0.0,
            "handle": 0,
            "id": "118#95#68",
            "kind": "XFC004650772",
            "level": 2,
            "picked": false,
            "size": [
                1099.0,
                609.0,
                20.0
            ],
            "weight": 1377.0
        },
        {
            "a_drop_degree": 180,
            "a_drop_pos_offset": [
                -303.499755859375,
                -44.0001220703125
            ],
            "a_grab_degree": 0.0,
            "a_grab_pos": [
                2284.499755859375,
                1264.0001220703125,
                0
            ],
            "a_magnetic_dots": [
                193,
                95,
                192,
                255,
                15,
                14
            ],
            "center": [
                1981.0,
                1220.0,
                20.0
            ],
            "degree": -0.0,
            "handle": 0,
            "id": "60#77#26",
            "kind": "XFC004650789",
            "level": 2,
            "picked": false,
            "size": [
                2759.99951171875,
                1180.999755859375,
                20.0
            ],
            "weight": 1981.0
        },
        {
            "a_drop_degree": 180,
            "a_drop_pos_offset": [
                -28.5,
                56.5
            ],
            "a_grab_degree": 0.0,
            "a_grab_pos": [
                2520.5,
                260.0,
                0
            ],
            "a_magnetic_dots": [
                254,
                63,
                255,
                31,
                0,
                0
            ],
            "center": [
                2492.0,
                316.5,
                20.0
            ],
            "degree": -0.0,
            "handle": 0,
            "id": "58#94#96",
            "kind": "XFC004650772",
            "level": 2,
            "picked": true,
            "size": [
                1099.0,
                609.0,
                20.0
            ],
            "weight": 2492.0
        },
        {
            "b_drop_degree": 0,
            "b_drop_pos_offset": [
                -303.499755859375,
                -44.0001220703125
            ],
            "b_grab_degree": 0.2301025390625,
            "b_grab_pos": [
                4177.5757414349,
                1175.0013253070774,
                0
            ],
            "b_magnetic_dots": [
                255,
                128,
                254,
                224,
                193,
                15
            ],
            "center": [
                4481.249755859375,
                1217.7822265625,
                20.0
            ],
            "degree": 0.2301025390625,
            "handle": 1,
            "id": "65#91#135",
            "kind": "XFC004650789",
            "level": 2,
            "picked": true,
            "size": [
                2759.99951171875,
                1180.999755859375,
                20.0
            ],
            "weight": 4481.249755859375
        },
        {
            "a_drop_degree": 0.0,
            "a_drop_pos_offset": [
                -1053.99951171875,
                -0.000244140625
            ],
            "a_grab_degree": 0.0,
            "a_grab_pos": [
                4694.50048828125,
                479.999755859375,
                0
            ],
            "a_magnetic_dots": [
                255,
                255,
                255,
                63,
                0,
                0
            ],
            "b_drop_degree": 0.0,
            "b_drop_pos_offset": [
                953.00048828125,
                -0.000244140625
            ],
            "b_grab_degree": 0.0,
            "b_grab_pos": [
                6701.50048828125,
                479.999755859375,
                0
            ],
            "b_magnetic_dots": [
                255,
                255,
                255,
                63,
                0,
                0
            ],
            "center": [
                5748.5,
                480.0,
                20.0
            ],
            "degree": -0.0,
            "handle": 2,
            "id": "146#20#124",
            "kind": "XFC004656318",
            "level": 3,
            "picked": false,
            "size": [
                5381.9990234375,
                281.9999389648437,
                20.0
            ],
            "weight": 5748.5
        },
        {
            "a_drop_degree": 0.0,
            "a_drop_pos_offset": [
                -1053.99951171875,
                -0.000244140625
            ],
            "a_grab_degree": 0.0,
            "a_grab_pos": [
                4694.50048828125,
                189.999755859375,
                0
            ],
            "a_magnetic_dots": [
                255,
                255,
                255,
                63,
                0,
                0
            ],
            "b_drop_degree": 0.0,
            "b_drop_pos_offset": [
                953.00048828125,
                -0.000244140625
            ],
            "b_grab_degree": 0.0,
            "b_grab_pos": [
                6701.50048828125,
                189.999755859375,
                0
            ],
            "b_magnetic_dots": [
                255,
                255,
                255,
                63,
                0,
                0
            ],
            "center": [
                5748.5,
                190.0,
                20.0
            ],
            "degree": -0.0,
            "handle": 2,
            "id": "82#38#101",
            "kind": "XFC004656318",
            "level": 3,
            "picked": false,
            "size": [
                5381.9990234375,
                281.9999389648437,
                20.0
            ],
            "weight": 5748.5
        },
        {
            "b_drop_degree": 180,
            "b_drop_pos_offset": [
                -303.499755859375,
                -44.0001220703125
            ],
            "b_grab_degree": 0.0,
            "b_grab_pos": [
                7363.5,
                1263.9998779296875,
                0
            ],