{
    "corner": [
        [
            4000,
            6000
        ],
        0
    ],
    "finished": false,
    "name": "test4",
    "offset": [
        154,
        200,
        0.5
    ],
    "parts": [
        {
            "a_drop_degree": 180,
            "a_drop_pos_offset": [
                -160.000244140625,
                285.000244140625
            ],
            "a_grab_degree": 0.0,
            "a_grab_pos": [
                1252.500244140625,
                328.999755859375,
                0
            ],
            "a_magnetic_dots": [
                96,
                0,
                252,
                0,
                224,
                7
            ],
            "center": [
                1092.5,
                614.0,
                8.0
            ],
            "degree": 0.0,
            "handle": 0,
            "id": "107#109#26",
            "kind": "SKT100.6A.1.1-23",
            "level": 2,
            "picked": false,
            "size": [
                2157.99951171875,
                1154.999755859375,
                8.0
            ],
            "weight": 1092.5
        },
        {
            "a_drop_degree": 0,
            "a_drop_pos_offset": [
                -221.5,
                201.5
            ],
            "a_grab_degree": 0.0,
            "a_grab_pos": [
                925.5,
                2013.0,
                0
            ],
            "a_magnetic_dots": [
                0,
                7,
                0,
                3,
                14,
                2
            ],
            "center": [
                1147.0,
                1811.5,
                8.0
            ],
            "degree": -0.0,
            "handle": 0,
            "id": "155#23#131",
            "kind": "SKT100.6A.1.1-23",
            "level": 2,
            "picked": false,
            "size": [
                2157.99951171875,
                1154.999755859375,
                8.0
            ],
            "weight": 1147.0
        },
        {
            "a_drop_degree": 0,
            "a_drop_pos_offset": [
                -221.5,
                201.5
            ],
            "a_grab_degree": 0.0,
            "a_grab_pos": [
                2082.0,
                1527.0,
                0
            ],
            "a_magnetic_dots": [
                0,
                7,
                0,
                3,
                14,
                2
            ],
            "center": [
                2303.5,
                1325.5,
                8.0
            ],
            "degree": -0.0,
            "handle": 0,
            "id": "84#14#5",
            "kind": "SKT100.6A.1.1-23",
            "level": 2,
            "picked": false,
            "size": [
                2157.99951171875,
                1154.999755859375,
                8.0
            ],
            "weight": 2303.5
        },
        {
            "a_drop_degree": 0,
            "a_drop_pos_offset": [
                -0.5,
                -80.5
            ],
            "a_grab_degree": 0.0,
            "a_grab_pos": [
                2358.5,
                397.0,
                0
            ],
            "a_magnetic_dots": [
                136,
                8,
                236,
                6,
                2,
                0
            ],
            "center": [
                2359.0,
                477.5,
                8.0
            ],
            "degree": -0.0,
            "handle": 0,
            "id": "28#33#139",
            "kind": "SKT100.6A.1.1-16",
            "level": 2,
            "picked": true,
            "size": [
                1119.0,
                481.0,
                8.0
            ],
            "weight": 2359.0
        },
        {
            "a_drop_degree": 180,
            "a_drop_pos_offset": [
                -59.500244140625,
                281.500244140625
            ],
            "a_grab_degree": 0.0,
            "a_grab_pos": [
                3308.500244140625,
                307.999755859375,
                0
            ],
            "a_magnetic_dots": [
                192,
                0,
                240,
                1,
                194,
                7
            ],
            "center": [
                3249.0,
                589.5,
                8.0
            ],
            "degree": 0.0,
            "handle": 0,
            "id": "140#85#33",
            "kind": "SKT100.6A.1.1-23",
            "level": 2,
            "picked": false,
            "size": [
                2157.99951171875,
                1154.999755859375,
                8.0
            ],
            "weight": 3249.0
        },
        {
            "a_drop_degree": 0,
            "a_drop_pos_offset": [
                -221.5,
                201.5
            ],
            "a_grab_degree": 0.0,
            "a_grab_pos": [
                3332.5,
                2011.0,
                0
            ],
            "a_magnetic_dots": [
                0,
                7,
                0,
                3,
                14,
                2
            ],
            "center": [
                3554.0,
                1809.5,
                8.0
            ],
            "degree": -0.0,
            "handle": 0,
            "id": "135#91#149",
            "kind": "SKT100.6A.1.1-23",
            "level": 2,
            "picked": false,
            "size": [
                2157.99951171875,
                1154.999755859375,
                8.0
            ],
            "weight": 3554.0
        },
        {
            "a_drop_degree": -3.622387409210205,
            "a_drop_pos_offset": [
                -984.3189723904894,
                -168.52643885198245
            ],
            "a_grab_degree": -3.622387409210205,
            "a_grab_pos": [
                5181.740719992323,
                1156.4281509917676,
                0
            ],
            "a_magnetic_dots": [
                255,
                115,
                254,
                255,
                19,
                0
            ],
            "b_drop_degree": -3.622387409210205,
            "b_drop_pos_offset": [
                1102.4145045096,
                -3.3556291292473617
            ],
            "b_grab_degree": -3.622387409210205,
            "b_grab_pos": [
                7268.474196892413,
                1321.5989607145027,
                0
            ],
            "b_magnetic_dots": [
                255,
                255,
                255,
                255,
                31,
                0
            ],
            "center": [
                6166.0596923828125,
                1324.95458984375,
                8.0
            ],
            "degree": -3.622387409210205,
            "handle": 2,
            "id": "65#91#135",
            "kind": "SKT100A.6A.1.1-11",
            "level": 3,
            "picked": true,
            "size": [
                3650.0,
                570.0,
                8.0
            ],
            "weight": 6166.0596923828125
        },
        {
            "a_drop_degree": -3.613629341125488,
            "a_drop_pos_offset": [
                -984.3447213577281,
                -168.37597671632557
            ],
            "a_grab_degree": -3.613629341125488,
            "a_grab_pos": [
                5181.716802079772,
                662.0643919360182,
                0
            ],
            "a_magnetic_dots": [
                255,
                115,
                254,
                255,
                19,
                0
            ],
            "b_drop_degree": -3.613629341125488,
            "b_drop_pos_offset": [
                1102.4139786986602,
                -3.5241410002155504
            ],
            "b_grab_degree": -3.613629341125488,